experiment_id,model,kelompok_fitur,tahap,fold,train_MAE_m,n,MAE_m,RMSE_m,R2
awal_LinearRegression_head_only,LinearRegression,head_only,awal,1,0.02986499330501756,104,0.03434467066464433,0.05410737731633476,0.5726949806077317
awal_LinearRegression_head_only,LinearRegression,head_only,awal,2,0.03049159548764508,105,0.028027565099027436,0.03973540891078095,0.7984559104293105
awal_LinearRegression_head_only,LinearRegression,head_only,awal,3,0.03008083086708668,104,0.036605474644813944,0.05607379389759328,0.7708037180657393
awal_LinearRegression_head_only,LinearRegression,head_only,awal,4,0.030961261240060583,45,0.02814901830945639,0.041727605618983664,0.3732828204593672
awal_LinearRegression_head_weather,LinearRegression,head_weather,awal,1,0.027315735857314494,104,0.031699359454133595,0.04858036541936633,0.6555338254792815
awal_LinearRegression_head_weather,LinearRegression,head_weather,awal,2,0.02796452925279167,105,0.026277218719482895,0.03662464849387972,0.8287771885314159
awal_LinearRegression_head_weather,LinearRegression,head_weather,awal,3,0.027676921236075784,104,0.03308063656198283,0.05154046162882097,0.8063648063521225
awal_LinearRegression_head_weather,LinearRegression,head_weather,awal,4,0.02842046339225962,45,0.025182093114694167,0.03776947749303937,0.4865399921015686
awal_LinearRegression_head_weather_season,LinearRegression,head_weather_season,awal,1,0.027147169210746957,104,0.03250018363459369,0.04947985501660801,0.6426598096802272
awal_LinearRegression_head_weather_season,LinearRegression,head_weather_season,awal,2,0.027958550277926018,105,0.02648735046052537,0.036828575506963473,0.826865133823784
awal_LinearRegression_head_weather_season,LinearRegression,head_weather_season,awal,3,0.027666963516078488,104,0.0328123763238195,0.051548600692955554,0.8063036453283927
awal_LinearRegression_head_weather_season,LinearRegression,head_weather_season,awal,4,0.0283563082275143,45,0.02535071248169108,0.037714882520992025,0.4880233101969046
awal_Ridge_head_only,Ridge,head_only,awal,1,0.02990224189935908,104,0.033808404642192466,0.05276440640344639,0.5936435655444161
awal_Ridge_head_only,Ridge,head_only,awal,2,0.030663544354522156,105,0.027710422803525772,0.039919693491178326,0.7965821360699212
awal_Ridge_head_only,Ridge,head_only,awal,3,0.03017012890461239,104,0.03636846768146384,0.05550761739737499,0.7754087365284434
awal_Ridge_head_only,Ridge,head_only,awal,4,0.031039382544267843,45,0.027719007873868485,0.04214283191654967,0.3607479910135033
awal_Ridge_head_weather,Ridge,head_weather,awal,1,0.02730993946405319,104,0.03170148095174733,0.047305580689780614,0.6733747287201558
awal_Ridge_head_weather,Ridge,head_weather,awal,2,0.028125237973651573,105,0.025666987915411575,0.03637576112656184,0.8310964133202836
awal_Ridge_head_weather,Ridge,head_weather,awal,3,0.027774295801362467,104,0.03289981272344418,0.050995448128339976,0.8104383365057225
awal_Ridge_head_weather,Ridge,head_weather,awal,4,0.028483559077839227,45,0.024695278786951626,0.038374034187518336,0.46997105663377403
awal_Ridge_head_weather_season,Ridge,head_weather_season,awal,1,0.027329036853332458,104,0.032029270349429734,0.04756609730123099,0.6697673060499123
awal_Ridge_head_weather_season,Ridge,head_weather_season,awal,2,0.028138354565986387,105,0.025639748554383637,0.03624270864313038,0.8323297588715508
awal_Ridge_head_weather_season,Ridge,head_weather_season,awal,3,0.02778924492619163,104,0.03287484688867216,0.05098373726139992,0.8105253904135176
awal_Ridge_head_weather_season,Ridge,head_weather_season,awal,4,0.028486169545703828,45,0.024673984972170496,0.03828618267301397,0.47239511998649797
awal_KNN_head_only,KNN,head_only,awal,1,0.0,104,0.03248759682809785,0.05203473021280593,0.6048048173887568
awal_KNN_head_only,KNN,head_only,awal,2,0.0,105,0.02927852812370358,0.04495706771753769,0.7420053812908236
awal_KNN_head_only,KNN,head_only,awal,3,0.0,104,0.036040079855057645,0.057280701643009156,0.7608312992594091
awal_KNN_head_only,KNN,head_only,awal,4,0.0,45,0.02687048253258829,0.04140386416758404,0.3829698012380949
awal_KNN_head_weather,KNN,head_weather,awal,1,4.633444824823497e-09,104,0.03298679147831,0.052656729933839026,0.5953003786782107
awal_KNN_head_weather,KNN,head_weather,awal,2,4.27918115594854e-09,105,0.02920697629972566,0.04271071103963031,0.7671435369607666
awal_KNN_head_weather,KNN,head_weather,awal,3,4.364720966577459e-09,104,0.03397914129274455,0.05160599349174414,0.8058720928006038
awal_KNN_head_weather,KNN,head_weather,awal,4,5.145610802297491e-09,45,0.026335037129546556,0.03363448077398386,0.5928127928693272
awal_KNN_head_weather_season,KNN,head_weather_season,awal,1,3.4843643615832673e-09,104,0.033143384013128656,0.052885573870598085,0.5917751198599173
awal_KNN_head_weather_season,KNN,head_weather_season,awal,2,4.631529484968451e-09,105,0.02941085156158609,0.04300886556005514,0.7638811452206726
awal_KNN_head_weather_season,KNN,head_weather_season,awal,3,4.426253334633208e-09,104,0.03512282881862494,0.05247562953856361,0.7992742908471807
awal_KNN_head_weather_season,KNN,head_weather_season,awal,4,4.977279884051847e-09,45,0.02618850575961397,0.03369173639677057,0.591425311928349
awal_SVR_head_only,SVR,head_only,awal,1,0.025976923612704678,104,0.03158880040219977,0.050957817942798904,0.6209934868582091
awal_SVR_head_only,SVR,head_only,awal,2,0.02650575902722266,105,0.029736665283553808,0.044089567587418894,0.7518659452850096
awal_SVR_head_only,SVR,head_only,awal,3,0.02665320895195811,104,0.037078367095331806,0.05782734203919153,0.7562446547467613
awal_SVR_head_only,SVR,head_only,awal,4,0.027373769503884114,45,0.029471131791793996,0.04250468877009584,0.3497230642217667
awal_SVR_head_weather,SVR,head_weather,awal,1,0.019153884760552447,104,0.028087309658196273,0.041742852085497224,0.7456748756652004
awal_SVR_head_weather,SVR,head_weather,awal,2,0.019601592897615473,105,0.024929418294642416,0.03647128414749401,0.8302081644102726
awal_SVR_head_weather,SVR,head_weather,awal,3,0.019343918549465468,104,0.02908797761133255,0.04353384197135681,0.8618529297854052
awal_SVR_head_weather,SVR,head_weather,awal,4,0.019496631358015975,45,0.024247000813036004,0.032022126918722804,0.6309161700713957
awal_SVR_head_weather_season,SVR,head_weather_season,awal,1,0.01893284389994115,104,0.0275636210971669,0.04149989325305475,0.7486267924754197
awal_SVR_head_weather_season,SVR,head_weather_season,awal,2,0.019385199225379443,105,0.024405174958681573,0.03624140526046536,0.8323418183761684
awal_SVR_head_weather_season,SVR,head_weather_season,awal,3,0.019196505013498833,104,0.029013711393690203,0.04298423406301771,0.8653190810563819
awal_SVR_head_weather_season,SVR,head_weather_season,awal,4,0.01935789753200065,45,0.023692296344948086,0.03174804988142551,0.6372071013590263
awal_DecisionTree_head_only,DecisionTree,head_only,awal,1,0.029030303208644102,104,0.03664228215155466,0.06084562382281148,0.4596393396632499
awal_DecisionTree_head_only,DecisionTree,head_only,awal,2,0.02891789033628673,105,0.0336006487368693,0.05085602520029342,0.6698589557405727
awal_DecisionTree_head_only,DecisionTree,head_only,awal,3,0.02892906452214414,104,0.0332700497720886,0.053337021622418684,0.7926303438637206
awal_DecisionTree_head_only,DecisionTree,head_only,awal,4,0.029551733523542907,45,0.026623601859575293,0.041080708787451424,0.3925640017491022
awal_DecisionTree_head_weather,DecisionTree,head_weather,awal,1,0.02738163768083816,104,0.03773109698829658,0.06615454867270108,0.3612300909813233
awal_DecisionTree_head_weather,DecisionTree,head_weather,awal,2,0.026677356945081308,105,0.03630546311144791,0.060335186064489434,0.5353178328242824
awal_DecisionTree_head_weather,DecisionTree,head_weather,awal,3,0.027413464086288593,104,0.036127827323244086,0.05141680310761941,0.807292850701611
awal_DecisionTree_head_weather,DecisionTree,head_weather,awal,4,0.02786404525714978,45,0.02927161512183692,0.043524864017651974,0.31813324672149723
awal_DecisionTree_head_weather_season,DecisionTree,head_weather_season,awal,1,0.02745342861584338,104,0.03888892106467282,0.0674716186329862,0.3355423813093694
awal_DecisionTree_head_weather_season,DecisionTree,head_weather_season,awal,2,0.026733108736184015,105,0.037322399380522446,0.06117872073955119,0.5222337399767784
awal_DecisionTree_head_weather_season,DecisionTree,head_weather_season,awal,3,0.027413464086288582,104,0.03612782732324354,0.0514168031076192,0.8072928507016126
awal_DecisionTree_head_weather_season,DecisionTree,head_weather_season,awal,4,0.02793346813149215,45,0.031144956833888314,0.04509349559553016,0.26809877373446334
awal_RandomForest_head_only,RandomForest,head_only,awal,1,0.021034705681465527,104,0.031556890263616966,0.050807563275108436,0.6232252755036174
awal_RandomForest_head_only,RandomForest,head_only,awal,2,0.021566939455734083,105,0.031154019514519724,0.04664787009206296,0.722234481873078
awal_RandomForest_head_only,RandomForest,head_only,awal,3,0.021630265233311245,104,0.03659941326199069,0.0574341102028987,0.7595485056837823
awal_RandomForest_head_only,RandomForest,head_only,awal,4,0.022273328961753856,45,0.02530316888122065,0.03968475379303456,0.4331449107839671
awal_RandomForest_head_weather,RandomForest,head_weather,awal,1,0.01652179502674294,104,0.03066097402378856,0.04916853066181371,0.64714239027732
awal_RandomForest_head_weather,RandomForest,head_weather,awal,2,0.01725810467554374,105,0.027535319118735455,0.041149025639745776,0.7838606676598646
awal_RandomForest_head_weather,RandomForest,head_weather,awal,3,0.017121051292901878,104,0.02988005165886031,0.04504477511972984,0.8520971535370987
awal_RandomForest_head_weather,RandomForest,head_weather,awal,4,0.01686821630062492,45,0.02421602191665176,0.0339680383262819,0.584696488458557
awal_RandomForest_head_weather_season,RandomForest,head_weather_season,awal,1,0.01648815893104203,104,0.03058787883651138,0.04911596713517306,0.647896430557398
awal_RandomForest_head_weather_season,RandomForest,head_weather_season,awal,2,0.017194191997154898,105,0.02770092961452734,0.04126467290921524,0.7826440629838239
awal_RandomForest_head_weather_season,RandomForest,head_weather_season,awal,3,0.01714737232054012,104,0.030050428961115667,0.04536943421037321,0.8499574581878138
awal_RandomForest_head_weather_season,RandomForest,head_weather_season,awal,4,0.016875212985301157,45,0.024564740946944576,0.034734128983010384,0.5657523319511036
awal_GradientBoosting_head_only,GradientBoosting,head_only,awal,1,0.023586281869826486,104,0.03308658187941035,0.05310326368136678,0.588407498477335
awal_GradientBoosting_head_only,GradientBoosting,head_only,awal,2,0.025067614488255518,105,0.03152597555236488,0.049254553939894904,0.6903240531679073
awal_GradientBoosting_head_only,GradientBoosting,head_only,awal,3,0.02578101611760845,104,0.0334491438088225,0.05245084477188773,0.7994638556052946
awal_GradientBoosting_head_only,GradientBoosting,head_only,awal,4,0.02641672567084044,45,0.025576116278600874,0.03849701445407817,0.4665683625563519
awal_GradientBoosting_head_weather,GradientBoosting,head_weather,awal,1,0.01974392847105037,104,0.029324358892372223,0.04553408075543635,0.6973796184985446
awal_GradientBoosting_head_weather,GradientBoosting,head_weather,awal,2,0.020346559097419472,105,0.02791044723641158,0.04219242956028894,0.7727605332682743
awal_GradientBoosting_head_weather,GradientBoosting,head_weather,awal,3,0.020753757854316605,104,0.0292511528265665,0.045971978993697704,0.845945607663563
awal_GradientBoosting_head_weather,GradientBoosting,head_weather,awal,4,0.02159210940094694,45,0.023031752739577707,0.03506794574977203,0.5573654380817155
awal_GradientBoosting_head_weather_season,GradientBoosting,head_weather_season,awal,1,0.01968846883019253,104,0.02893496907376716,0.0447336121956145,0.7079259556071009
awal_GradientBoosting_head_weather_season,GradientBoosting,head_weather_season,awal,2,0.020302096266239036,105,0.02779618890694909,0.0420678086324884,0.7741009145555761
awal_GradientBoosting_head_weather_season,GradientBoosting,head_weather_season,awal,3,0.02067370544765218,104,0.029129603924127386,0.045615225953203616,0.8483273247630931
awal_GradientBoosting_head_weather_season,GradientBoosting,head_weather_season,awal,4,0.021580287938116016,45,0.022681798477045156,0.03459871727187947,0.569131578857598
awal_MLP_head_only,MLP,head_only,awal,1,0.02709380147424102,104,0.033598966109927866,0.05348183640059389,0.582518101359992
awal_MLP_head_only,MLP,head_only,awal,2,0.028323790620157854,105,0.028636014904518534,0.0428616253371695,0.7654950767474263
awal_MLP_head_only,MLP,head_only,awal,3,0.02839863236847893,104,0.035397216974166874,0.055014377838470366,0.7793824294557031
awal_MLP_head_only,MLP,head_only,awal,4,0.02928725513930865,45,0.02686430789889399,0.040096990767425414,0.42130699788543113
awal_MLP_head_weather,MLP,head_weather,awal,1,0.017827187826274307,104,0.02742459532141148,0.039766915429680055,0.7691824436042467
awal_MLP_head_weather,MLP,head_weather,awal,2,0.018295361790531137,105,0.029014978710817967,0.04742834095008508,0.7128620735140561
awal_MLP_head_weather,MLP,head_weather,awal,3,0.01986022790039438,104,0.030462108267985916,0.046837225996664796,0.8400920642696657
awal_MLP_head_weather,MLP,head_weather,awal,4,0.019730658290547067,45,0.023213377515064533,0.03426186708705115,0.5774805346871145
awal_MLP_head_weather_season,MLP,head_weather_season,awal,1,0.01714697728080698,104,0.028820855058695454,0.043123578775463536,0.7285720178411239
awal_MLP_head_weather_season,MLP,head_weather_season,awal,2,0.017965325985722487,105,0.02607106197435664,0.04406664989399597,0.7521238376865899
awal_MLP_head_weather_season,MLP,head_weather_season,awal,3,0.01899506100259753,104,0.030814335996040373,0.04568704033830775,0.8478493767175296
awal_MLP_head_weather_season,MLP,head_weather_season,awal,4,0.019688330624304484,45,0.026207514542304917,0.03361485969328964,0.5932877294518455
tuning_SVR_1,SVR,head_weather_season,tuning,1,0.02711904314387499,104,0.02737452660437,0.03922159389996282,0.7754694165250503
tuning_SVR_1,SVR,head_weather_season,tuning,2,0.026734003516033944,105,0.026459768603099322,0.03825067974176625,0.8132360683129326
tuning_SVR_1,SVR,head_weather_season,tuning,3,0.025650682918400086,104,0.032966993509717026,0.05007134445166033,0.8172462945014556
tuning_SVR_1,SVR,head_weather_season,tuning,4,0.024984461649380837,45,0.023100647816451197,0.03268971607746708,0.6153666240637822
tuning_SVR_2,SVR,head_weather_season,tuning,1,0.02899185278564592,104,0.02798257882616107,0.04008321653354299,0.76549605280617
tuning_SVR_2,SVR,head_weather_season,tuning,2,0.028085417277445363,105,0.02635624710676836,0.03729165051157821,0.8224838360782146
tuning_SVR_2,SVR,head_weather_season,tuning,3,0.02697128357684266,104,0.03316371704542099,0.04980372146443728,0.8191946498992732
tuning_SVR_2,SVR,head_weather_season,tuning,4,0.02619453682406688,45,0.024089545264499378,0.033348491074016114,0.599707875478227
tuning_SVR_3,SVR,head_weather_season,tuning,1,0.012705223011635895,104,0.028383301879386477,0.04058016331094566,0.7596453057679203
tuning_SVR_3,SVR,head_weather_season,tuning,2,0.013617445238285753,105,0.026981523633905657,0.04105398788118964,0.784857905196557
tuning_SVR_3,SVR,head_weather_season,tuning,3,0.013982333051616926,104,0.02834560071410155,0.04299193076625933,0.8652708451441186
tuning_SVR_3,SVR,head_weather_season,tuning,4,0.014285475869474915,45,0.024011361268917182,0.031107862415220025,0.6516907496713822
tuning_SVR_4,SVR,head_weather_season,tuning,1,0.016793909408723044,104,0.02887675881732756,0.04118972161514671,0.7523702945672687
tuning_SVR_4,SVR,head_weather_season,tuning,2,0.017276945690502057,105,0.02661096512039654,0.04035042028490097,0.7921687648335923
tuning_SVR_4,SVR,head_weather_season,tuning,3,0.01704482947572305,104,0.027979746946880872,0.04195424893728891,0.8716961797650249
tuning_SVR_4,SVR,head_weather_season,tuning,4,0.017069033459688795,45,0.023838837273858163,0.030894459402992465,0.6564532297035289
tuning_SVR_5,SVR,head_weather_season,tuning,1,0.008812729557915712,104,0.030304931460679363,0.04428708899502637,0.7137277197198136
tuning_SVR_5,SVR,head_weather_season,tuning,2,0.00952528185687548,105,0.030466965836108393,0.04983977875816588,0.6829214197008096
tuning_SVR_5,SVR,head_weather_season,tuning,3,0.0100563617176003,104,0.02861811442262095,0.04312054144649118,0.8644635529021476
tuning_SVR_5,SVR,head_weather_season,tuning,4,0.010267457174877653,45,0.024984190389967825,0.0308763929656024,0.6568549102359842
tuning_SVR_6,SVR,head_weather_season,tuning,1,0.014532830706554749,104,0.030686113539196223,0.04476239761756795,0.7075499439576998
tuning_SVR_6,SVR,head_weather_season,tuning,2,0.014529788441719151,105,0.030098880560899842,0.049369480511353286,0.688877221824103
tuning_SVR_6,SVR,head_weather_season,tuning,3,0.014664748983760587,104,0.02895229244494937,0.04292364232401369,0.8656985131714557
tuning_SVR_6,SVR,head_weather_season,tuning,4,0.014739465505037984,45,0.024908743711909962,0.031557004140494664,0.6415602190960813
tuning_GradientBoosting_1,GradientBoosting,head_weather_season,tuning,1,0.02974895193463323,104,0.03280582680829066,0.049729089760511956,0.6390508299590815
tuning_GradientBoosting_1,GradientBoosting,head_weather_season,tuning,2,0.030251830120458123,105,0.030550771056628196,0.046036649281407896,0.7294658426309013
tuning_GradientBoosting_1,GradientBoosting,head_weather_season,tuning,3,0.030437053655818225,104,0.035986961882340504,0.055152723284672425,0.7782714539694854
tuning_GradientBoosting_1,GradientBoosting,head_weather_season,tuning,4,0.03128624601661312,45,0.0234156943617684,0.03593266297686303,0.5352670369366526
tuning_GradientBoosting_2,GradientBoosting,head_weather_season,tuning,1,0.023585443410980345,104,0.03000087746855229,0.048261063779691686,0.660047054442042
tuning_GradientBoosting_2,GradientBoosting,head_weather_season,tuning,2,0.024580884142135564,105,0.027070063064389957,0.042998431087273886,0.7639957019224273
tuning_GradientBoosting_2,GradientBoosting,head_weather_season,tuning,3,0.024755428314197334,104,0.03155005326208206,0.04933563422344583,0.8225773272969004
tuning_GradientBoosting_2,GradientBoosting,head_weather_season,tuning,4,0.02538185672721846,45,0.02299455937934864,0.03508866188723333,0.5568423172262107
tuning_GradientBoosting_3,GradientBoosting,head_weather_season,tuning,1,0.02210297588364428,104,0.029694983748518533,0.046086490564329084,0.6899924261957626
tuning_GradientBoosting_3,GradientBoosting,head_weather_season,tuning,2,0.022667731176098445,105,0.02809544492834729,0.04233819365430266,0.771187712185718
tuning_GradientBoosting_3,GradientBoosting,head_weather_season,tuning,3,0.02286282807363383,104,0.030453703828967,0.047672373474721905,0.8343386349430798
tuning_GradientBoosting_3,GradientBoosting,head_weather_season,tuning,4,0.023768449990140165,45,0.022998652267664788,0.03450427221396458,0.5714806747353042
tuning_GradientBoosting_4,GradientBoosting,head_weather_season,tuning,1,0.017438285364422403,104,0.028748952722307333,0.044166921935213446,0.7152791347459113
tuning_GradientBoosting_4,GradientBoosting,head_weather_season,tuning,2,0.018447193713298497,105,0.027890945712452347,0.04241256847545413,0.7703831043824725
tuning_GradientBoosting_4,GradientBoosting,head_weather_season,tuning,3,0.018889474509891535,104,0.02843460589049465,0.04465378242640925,0.8546536299307514
tuning_GradientBoosting_4,GradientBoosting,head_weather_season,tuning,4,0.019842612307191382,45,0.023012434660894324,0.035185569844398454,0.5543911089480345
tuning_MLP_1,MLP,head_weather,tuning,1,0.017827187826274307,104,0.02742459532141148,0.039766915429680055,0.7691824436042467
tuning_MLP_1,MLP,head_weather,tuning,2,0.018295361790531137,105,0.029014978710817967,0.04742834095008508,0.7128620735140561
tuning_MLP_1,MLP,head_weather,tuning,3,0.01986022790039438,104,0.030462108267985916,0.046837225996664796,0.8400920642696657
tuning_MLP_1,MLP,head_weather,tuning,4,0.019730658290547067,45,0.023213377515064533,0.03426186708705115,0.5774805346871145
tuning_MLP_2,MLP,head_weather,tuning,1,0.015472055456765142,104,0.030992413532297987,0.043861937777498944,0.7191977027175442
tuning_MLP_2,MLP,head_weather,tuning,2,0.01689743922115485,105,0.02491905577596209,0.04038091462175701,0.7918545143023675
tuning_MLP_2,MLP,head_weather,tuning,3,0.016217968047591767,104,0.03322853933452644,0.04642312196709469,0.8429071665214265
tuning_MLP_2,MLP,head_weather,tuning,4,0.016956841473030886,45,0.02369210140769494,0.03093248751523098,0.6556069630314418
tuning_MLP_3,MLP,head_weather,tuning,1,0.02347672781446737,104,0.027148334873912584,0.041243132512541705,0.7517276730851306
tuning_MLP_3,MLP,head_weather,tuning,2,0.0231168483990552,105,0.021147087777506037,0.0321876175771451,0.8677510115046383
tuning_MLP_3,MLP,head_weather,tuning,3,0.02265519336093157,104,0.02730106694860866,0.042080979338910085,0.8709198792372508
tuning_MLP_3,MLP,head_weather,tuning,4,0.022786651265429957,45,0.022240415916202533,0.02966451906841858,0.6832626395664686
tuning_MLP_4,MLP,head_weather,tuning,1,0.023165044877088883,104,0.02737234339893915,0.04191666724245703,0.7435524717531583
tuning_MLP_4,MLP,head_weather,tuning,2,0.023050388807746434,105,0.0209145169394756,0.03211718759818123,0.8683291284228005
tuning_MLP_4,MLP,head_weather,tuning,3,0.022483524708668746,104,0.02729631822182898,0.041855952354315065,0.8722966935632328
tuning_MLP_4,MLP,head_weather,tuning,4,0.022657404241965523,45,0.023264309959873903,0.030578285526769194,0.6634489632417779
