experiment_id,model,kelompok_fitur,tahap,n_fitur,n,MAE_m,RMSE_m,R2,skill_vs_persistence_pct,convergence_warnings,durasi_detik
awal_SVR_head_weather_season,SVR,head_weather_season,awal,21,358,0.02657189744478594,0.03935714131250895,0.8295364323582118,20.328816706588228,0,0.2631637000013143
awal_SVR_head_weather,SVR,head_weather,awal,19,358,0.026969088920544892,0.039696007258145136,0.8265884045229782,19.13790759166607,0,0.3161767999990843
awal_GradientBoosting_head_weather_season,GradientBoosting,head_weather_season,awal,21,358,0.027871498208038324,0.043073233404751866,0.7958264734165099,16.432191302531663,0,1.493285599979572
awal_GradientBoosting_head_weather,GradientBoosting,head_weather,awal,19,358,0.02809742751920067,0.04350833065340943,0.7916807889409394,15.754781810101848,0,1.3536269999458455
awal_MLP_head_weather,MLP,head_weather,awal,19,358,0.028244111525450054,0.04363479253093776,0.7904680223418661,15.314975493206717,0,1.4574985999497585
awal_MLP_head_weather_season,MLP,head_weather_season,awal,21,358,0.02826497075811088,0.043106569319901554,0.795510316738981,15.252432735312437,0,1.386564000044018
awal_RandomForest_head_weather,RandomForest,head_weather,awal,19,358,0.028707251856737524,0.04397042581228362,0.7872322386894965,13.926330278793698,0,2.740568099950906
awal_RandomForest_head_weather_season,RandomForest,head_weather_season,awal,21,358,0.028827918891315894,0.044156948066227025,0.7854232911807596,13.564531297394566,0,3.023219299968332
awal_Ridge_head_weather,Ridge,head_weather,awal,19,358,0.029399038599863005,0.04448305987372277,0.7822421657674943,11.852128821181285,0,0.07005310000386089
awal_Ridge_head_weather_season,Ridge,head_weather_season,awal,21,358,0.029476343895867462,0.04451848216293103,0.781895222361934,11.620342422775954,0,0.07105349999619648
awal_LinearRegression_head_weather,LinearRegression,head_weather,awal,19,358,0.029691122182634217,0.045055840888561356,0.7765981937184,10.976367325100089,0,0.07101149996742606
awal_LinearRegression_head_weather_season,LinearRegression,head_weather_season,awal,21,358,0.029928659485212946,0.04538470441487082,0.7733250629031863,10.264153302292844,0,0.06899820000398904
awal_KNN_head_weather,KNN,head_weather,awal,19,358,0.031330352487403526,0.04750135686232069,0.7516886838210846,6.061422190197141,0,0.4016952999518253
awal_KNN_head_weather_season,KNN,head_weather_season,awal,21,358,0.03174946454651269,0.04793401884463149,0.7471446390194134,4.804788043119423,0,0.20805690000997856
awal_GradientBoosting_head_only,GradientBoosting,head_only,awal,6,358,0.031790134461205495,0.050162056742009506,0.7230922240302229,4.682846422851206,0,0.595301199995447
awal_MLP_head_only,MLP,head_only,awal,6,358,0.03181921357868863,0.04950829429755157,0.730263070727319,4.595657779141293,0,0.5837791999801993
awal_KNN_head_only,KNN,head_only,awal,6,358,0.03187233391621095,0.05047777437359403,0.719595565548921,4.4363857453641575,0,0.08580699999583885
awal_Ridge_head_only,Ridge,head_only,awal,6,358,0.03199816891160487,0.048933470257206235,0.7364903564699355,4.0590915380691595,0,0.07157250004820526
awal_RandomForest_head_only,RandomForest,head_only,awal,6,358,0.03211751456799636,0.05044165209278507,0.7199967410645447,3.7012544778668777,0,1.6432371999835595
awal_LinearRegression_head_only,LinearRegression,head_only,awal,6,358,0.03236987506007564,0.04945552295301517,0.7308377943914013,2.9445957160211256,0,0.1390055000083521
awal_SVR_head_only,SVR,head_only,awal,6,358,0.032374123478064704,0.05022965428901539,0.7223454086146082,2.9318575783319645,0,0.2882236000150442
awal_DecisionTree_head_only,DecisionTree,head_only,awal,6,358,0.03351120871818733,0.05359686077519763,0.6838718367527998,-0.47749347664207686,0,0.09138349996646866
awal_DecisionTree_head_weather,DecisionTree,head_weather,awal,19,358,0.03578386713850537,0.05783755436002898,0.631867362211169,-7.291661939572203,0,0.06790310004726052
awal_DecisionTree_head_weather_season,DecisionTree,head_weather_season,awal,21,358,0.0366539576112378,0.058684292654079526,0.621009582085569,-9.900475919791706,0,0.07023229997139424
