forecast_date,target_date,target_head_m,prediksi_m,fold
2008-12-28,2009-01-04,11.227142857142857,11.261427789625715,1
2009-01-04,2009-01-11,11.225714285714286,11.26296358244706,1
2009-01-11,2009-01-18,11.258571428571427,11.2452465566,1
2009-01-18,2009-01-25,11.295714285714284,11.275510754832428,1
2009-01-25,2009-02-01,11.28,11.29652820983733,1
2009-02-01,2009-02-08,11.268571428571429,11.270519948860608,1
2009-02-08,2009-02-15,11.287142857142856,11.277885152989015,1
2009-02-15,2009-02-22,11.29857142857143,11.294321962258802,1
2009-02-22,2009-03-01,11.29,11.288444519689069,1
2009-03-01,2009-03-08,11.294285714285715,11.29009273478866,1
2009-03-08,2009-03-15,11.301428571428572,11.295159946114811,1
2009-03-15,2009-03-22,11.287142857142856,11.28846440566783,1
2009-03-22,2009-03-29,11.29857142857143,11.272906246864244,1
2009-03-29,2009-04-05,11.292857142857144,11.301576703985392,1
2009-04-05,2009-04-12,11.277142857142858,11.268407571418049,1
2009-04-12,2009-04-19,11.251428571428573,11.269333449058145,1
2009-04-19,2009-04-26,11.197142857142856,11.242668946482139,1
2009-04-26,2009-05-03,11.198571428571428,11.185041309010337,1
2009-05-03,2009-05-10,11.241428571428573,11.208759425292753,1
2009-05-10,2009-05-17,11.231428571428571,11.231647354911104,1
2009-05-17,2009-05-24,11.268571428571429,11.272268028552636,1
2009-05-24,2009-05-31,11.277142857142858,11.22199807536585,1
2009-05-31,2009-06-07,11.21714285714286,11.255137589212147,1
2009-06-07,2009-06-14,11.277142857142858,11.231230929149058,1
2009-06-14,2009-06-21,11.287142857142856,11.244000417092343,1
2009-06-21,2009-06-28,11.268571428571429,11.265246970594022,1
2009-06-28,2009-07-05,11.164285714285716,11.197668156876599,1
2009-07-05,2009-07-12,11.218571428571428,11.131090961900245,1
2009-07-12,2009-07-19,11.217142857142855,11.253407370040334,1
2009-07-19,2009-07-26,11.241428571428573,11.210936556975808,1
2009-07-26,2009-08-02,11.26,11.244261110196748,1
2009-08-02,2009-08-09,11.208571428571428,11.247114110016042,1
2009-08-09,2009-08-16,11.112857142857145,11.14109417291261,1
2009-08-16,2009-08-23,11.04,11.088155261981727,1
2009-08-23,2009-08-30,11.085714285714284,11.032443874877668,1
2009-08-30,2009-09-06,11.185714285714283,11.132637283855688,1
2009-09-06,2009-09-13,11.135714285714286,11.188697371741661,1
2009-09-13,2009-09-20,11.09,11.071162141775224,1
2009-09-20,2009-09-27,11.004285714285714,11.065710374157849,1
2009-09-27,2009-10-04,11.015714285714283,10.989973964499542,1
2009-10-04,2009-10-11,11.135714285714286,11.079020585219988,1
2009-10-11,2009-10-18,11.191428571428572,11.181039831122481,1
2009-10-18,2009-10-25,11.165714285714284,11.172813507600868,1
2009-10-25,2009-11-01,11.187142857142858,11.194322773818952,1
2009-11-01,2009-11-08,11.244285714285716,11.220487726615449,1
2009-11-08,2009-11-15,11.274285714285714,11.249068861816157,1
2009-11-15,2009-11-22,11.28285714285714,11.283405162511452,1
2009-11-22,2009-11-29,11.29857142857143,11.28704944394205,1
2009-11-29,2009-12-06,11.297142857142855,11.298869462806252,1
2009-12-06,2009-12-13,11.305714285714286,11.300108291796953,1
2009-12-13,2009-12-20,11.27,11.291928329338477,1
2009-12-20,2009-12-27,11.278571428571428,11.28451188228155,1
2009-12-27,2010-01-03,11.30714285714286,11.297353659701123,1
2010-01-03,2010-01-10,11.277142857142858,11.280647319213909,1
2010-01-10,2010-01-17,11.26,11.27750722015472,1
2010-01-17,2010-01-24,11.288571428571428,11.274834752993238,1
2010-01-24,2010-01-31,11.277142857142858,11.269478170017676,1
2010-01-31,2010-02-07,11.308571428571428,11.285091806673003,1
2010-02-07,2010-02-14,11.28,11.29267485540755,1
2010-02-14,2010-02-21,11.264285714285714,11.272826282653995,1
2010-02-21,2010-02-28,11.320000000000002,11.282732734697117,1
2010-02-28,2010-03-07,11.320000000000002,11.306153957618086,1
2010-03-07,2010-03-14,11.294285714285715,11.288465758591299,1
2010-03-14,2010-03-21,11.312857142857142,11.283345689054958,1
2010-03-21,2010-03-28,11.31,11.298989867901765,1
2010-03-28,2010-04-04,11.304285714285712,11.292047182304131,1
2010-04-04,2010-04-11,11.301428571428572,11.30583487858505,1
2010-04-11,2010-04-18,11.274285714285714,11.275043351192048,1
2010-04-18,2010-04-25,11.235714285714286,11.250450283870487,1
2010-04-25,2010-05-02,11.245714285714286,11.235694736618,1
2010-05-02,2010-05-09,11.308571428571428,11.279213060701961,1
2010-05-09,2010-05-16,11.30714285714286,11.266668588731772,1
2010-05-16,2010-05-23,11.285714285714286,11.2952466312328,1
2010-05-23,2010-05-30,11.248571428571427,11.237956802865913,1
2010-05-30,2010-06-06,11.21,11.24346171436926,1
2010-06-06,2010-06-13,11.234285714285717,11.185411410647593,1
2010-06-13,2010-06-20,11.171428571428573,11.236555001403586,1
2010-06-20,2010-06-27,11.084285714285716,11.145886102140583,1
2010-06-27,2010-07-04,10.944285714285714,11.04118932528631,1
2010-07-04,2010-07-11,10.884285714285712,10.915163520377074,1
2010-07-11,2010-07-18,11.205714285714285,10.969131316285242,1
2010-07-18,2010-07-25,11.077142857142857,11.183008818870702,1
2010-07-25,2010-08-01,11.115714285714288,10.99688111239931,1
2010-08-01,2010-08-08,11.198571428571428,11.187270771503428,1
2010-08-08,2010-08-15,11.281428571428572,11.217302759388728,1
2010-08-15,2010-08-22,11.29,11.245288619139966,1
2010-08-22,2010-08-29,11.311428571428571,11.256634900357772,1
2010-08-29,2010-09-05,11.331428571428573,11.311315568932702,1
2010-09-05,2010-09-12,11.288571428571428,11.277350122081174,1
2010-09-12,2010-09-19,11.315714285714284,11.290700553564374,1
2010-09-19,2010-09-26,11.287142857142856,11.304991310469912,1
2010-09-26,2010-10-03,11.28285714285714,11.286100374003254,1
2010-10-03,2010-10-10,11.268571428571429,11.287903299959169,1
2010-10-10,2010-10-17,11.247142857142858,11.272113868756959,1
2010-10-17,2010-10-24,11.292857142857144,11.256508290807608,1
2010-10-24,2010-10-31,11.29857142857143,11.302834048180422,1
2010-10-31,2010-11-07,11.301428571428572,11.286010266080561,1
2010-11-07,2010-11-14,11.297142857142855,11.301629334232953,1
2010-11-14,2010-11-21,11.294285714285715,11.302768893435735,1
2010-11-21,2010-11-28,11.277142857142858,11.281848387356899,1
2010-11-28,2010-12-05,11.244285714285716,11.27895550543392,1
2010-12-05,2010-12-12,11.262857142857143,11.270799647917725,1
2010-12-12,2010-12-19,11.278571428571428,11.281685252388183,1
2010-12-19,2010-12-26,11.247142857142858,11.27600475015259,1
2010-12-26,2011-01-02,11.244285714285716,11.261250491420684,2
2011-01-02,2011-01-09,11.287142857142856,11.262594833462314,2
2011-01-09,2011-01-16,11.311428571428571,11.284148832271484,2
2011-01-16,2011-01-23,11.302857142857144,11.301366193181414,2
2011-01-23,2011-01-30,11.285714285714286,11.287134710958195,2
2011-01-30,2011-02-06,11.281428571428572,11.27985272740647,2
2011-02-06,2011-02-13,11.28,11.29047233137385,2
2011-02-13,2011-02-20,11.287142857142856,11.289528787311736,2
2011-02-20,2011-02-27,11.265714285714283,11.287835554304063,2
2011-02-27,2011-03-06,11.268571428571429,11.276799719524378,2
2011-03-06,2011-03-13,11.26,11.2552596298154,2
2011-03-13,2011-03-20,11.255714285714284,11.27581549289946,2
2011-03-20,2011-03-27,11.234285714285717,11.251314871045869,2
2011-03-27,2011-04-03,11.227142857142857,11.23106426085477,2
2011-04-03,2011-04-10,11.207142857142856,11.248428405562876,2
2011-04-10,2011-04-17,11.171428571428573,11.187076912793266,2
2011-04-17,2011-04-24,11.111428571428572,11.184907608432106,2
2011-04-24,2011-05-01,11.044285714285715,11.11385305780224,2
2011-05-01,2011-05-08,10.95,11.03061537858469,2
2011-05-08,2011-05-15,10.994285714285716,10.960381301513683,2
2011-05-15,2011-05-22,11.077142857142858,11.02819726199105,2
2011-05-22,2011-05-29,11.004285714285714,11.067069554020526,2
2011-05-29,2011-06-05,10.995714285714286,11.018343462655112,2
2011-06-05,2011-06-12,10.924285714285714,10.960289522153793,2
2011-06-12,2011-06-19,10.95142857142857,10.940873616780983,2
2011-06-19,2011-06-26,11.102857142857143,11.078583793492037,2
2011-06-26,2011-07-03,11.05,11.084813934926924,2
2011-07-03,2011-07-10,10.937142857142858,11.045767315976603,2
2011-07-10,2011-07-17,11.132857142857144,10.95481252743558,2
2011-07-17,2011-07-24,11.228571428571428,11.208091985195583,2
2011-07-24,2011-07-31,11.278571428571428,11.238264331233559,2
2011-07-31,2011-08-07,11.267142857142858,11.255520397834792,2
2011-08-07,2011-08-14,11.3,11.286804333801504,2
2011-08-14,2011-08-21,11.275714285714283,11.27839698259244,2
2011-08-21,2011-08-28,11.255714285714284,11.249292041530518,2
2011-08-28,2011-09-04,11.28285714285714,11.267503911639599,2
2011-09-04,2011-09-11,11.3,11.247301421922735,2
2011-09-11,2011-09-18,11.302857142857144,11.308470697410373,2
2011-09-18,2011-09-25,11.287142857142856,11.285340542133653,2
2011-09-25,2011-10-02,11.251428571428573,11.264410769595266,2
2011-10-02,2011-10-09,11.26142857142857,11.240487476377856,2
2011-10-09,2011-10-16,11.302857142857144,11.297520710499398,2
2011-10-16,2011-10-23,11.301428571428572,11.278513249639545,2
2011-10-23,2011-10-30,11.28,11.28782897325545,2
2011-10-30,2011-11-06,11.268571428571429,11.276088296310848,2
2011-11-06,2011-11-13,11.25,11.273967685364154,2
2011-11-13,2011-11-20,11.22857142857143,11.249731119163789,2
2011-11-20,2011-11-27,11.224285714285717,11.24588828570574,2
2011-11-27,2011-12-04,11.255714285714287,11.237515465983165,2
2011-12-04,2011-12-11,11.31,11.28892665715009,2
2011-12-11,2011-12-18,11.312857142857142,11.307682787470466,2
2011-12-18,2011-12-25,11.314285714285717,11.315592597080055,2
2011-12-25,2012-01-01,11.304285714285715,11.30855742171031,2
2012-01-01,2012-01-08,11.332857142857142,11.321582037333599,2
2012-01-08,2012-01-15,11.302857142857144,11.327056887748242,2
2012-01-15,2012-01-22,11.29,11.284214833166642,2
2012-01-22,2012-01-29,11.3,11.297628885637291,2
2012-01-29,2012-02-05,11.252857142857142,11.281243989143743,2
2012-02-05,2012-02-12,11.188571428571429,11.246869349638594,2
2012-02-12,2012-02-19,11.245714285714286,11.229024197045542,2
2012-02-19,2012-02-26,11.28285714285714,11.257090916783039,2
2012-02-26,2012-03-04,11.268571428571429,11.259030165252158,2
2012-03-04,2012-03-11,11.275714285714283,11.268228417148952,2
2012-03-11,2012-03-18,11.267142857142858,11.271437711303363,2
2012-03-18,2012-03-25,11.252857142857142,11.258806102919998,2
2012-03-25,2012-04-01,11.221428571428572,11.229281445237714,2
2012-04-01,2012-04-08,11.2,11.213575387638047,2
2012-04-08,2012-04-15,11.23857142857143,11.232696275693522,2
2012-04-15,2012-04-22,11.215714285714286,11.263644720596476,2
2012-04-22,2012-04-29,11.241428571428573,11.25901047695017,2
2012-04-29,2012-05-06,11.231428571428571,11.26246799356509,2
2012-05-06,2012-05-13,11.247142857142858,11.224276745102353,2
2012-05-13,2012-05-20,11.25,11.254897166316722,2
2012-05-20,2012-05-27,11.211428571428572,11.238218380503792,2
2012-05-27,2012-06-03,11.20857142857143,11.152226683037952,2
2012-06-03,2012-06-10,11.23857142857143,11.24161003969003,2
2012-06-10,2012-06-17,11.207142857142856,11.232397088314192,2
2012-06-17,2012-06-24,11.267142857142858,11.235514193720686,2
2012-06-24,2012-07-01,11.26142857142857,11.270283847152543,2
2012-07-01,2012-07-08,11.218571428571428,11.223043838979883,2
2012-07-08,2012-07-15,11.252857142857142,11.223583454500314,2
2012-07-15,2012-07-22,11.288571428571428,11.262541101575609,2
2012-07-22,2012-07-29,11.247142857142858,11.276394279024238,2
2012-07-29,2012-08-05,11.267142857142858,11.246389629575475,2
2012-08-05,2012-08-12,11.301428571428572,11.283862928842398,2
2012-08-12,2012-08-19,11.252857142857142,11.268559655143354,2
2012-08-19,2012-08-26,11.234285714285717,11.233506079743933,2
2012-08-26,2012-09-02,11.275714285714283,11.270072413210519,2
2012-09-02,2012-09-09,11.222857142857142,11.254511390862518,2
2012-09-09,2012-09-16,11.205714285714285,11.18308229694947,2
2012-09-16,2012-09-23,11.21,11.229689833625473,2
2012-09-23,2012-09-30,11.257142857142856,11.251161316744236,2
2012-09-30,2012-10-07,11.27142857142857,11.24796338606857,2
2012-10-07,2012-10-14,11.265714285714283,11.28581616441242,2
2012-10-14,2012-10-21,11.275714285714283,11.281497034441665,2
2012-10-21,2012-10-28,11.258571428571427,11.27751284365519,2
2012-10-28,2012-11-04,11.272857142857143,11.275102171004168,2
2012-11-04,2012-11-11,11.285714285714286,11.28582129958246,2
2012-11-11,2012-11-18,11.268571428571429,11.281408629123215,2
2012-11-18,2012-11-25,11.262857142857143,11.272002551563238,2
2012-11-25,2012-12-02,11.268571428571429,11.280875699054219,2
2012-12-02,2012-12-09,11.28285714285714,11.28050038020114,2
2012-12-09,2012-12-16,11.301428571428572,11.296934853311475,2
2012-12-16,2012-12-23,11.304285714285712,11.297470128443468,2
2012-12-23,2012-12-30,11.311428571428571,11.310488612490959,2
2012-12-30,2013-01-06,11.295714285714284,11.308429248487034,3
2013-01-06,2013-01-13,11.287142857142856,11.29924985459697,3
2013-01-13,2013-01-20,11.26142857142857,11.296405897346173,3
2013-01-20,2013-01-27,11.24,11.262266263183012,3
2013-01-27,2013-02-03,11.302857142857144,11.26245757580585,3
2013-02-03,2013-02-10,11.297142857142855,11.302755714745645,3
2013-02-10,2013-02-17,11.274285714285714,11.2858545358845,3
2013-02-17,2013-02-24,11.267142857142858,11.27191290971207,3
2013-02-24,2013-03-03,11.257142857142856,11.267169707221207,3
2013-03-03,2013-03-10,11.262857142857143,11.262145840423358,3
2013-03-10,2013-03-17,11.257142857142856,11.277410824829786,3
2013-03-17,2013-03-24,11.254285714285714,11.263362990015073,3
2013-03-24,2013-03-31,11.225714285714286,11.251604531917314,3
2013-03-31,2013-04-07,11.214285714285714,11.245785607235382,3
2013-04-07,2013-04-14,11.242857142857144,11.2133107084982,3
2013-04-14,2013-04-21,11.258571428571427,11.271031536872052,3
2013-04-21,2013-04-28,11.224285714285717,11.213253124319365,3
2013-04-28,2013-05-05,11.195714285714288,11.228929677922748,3
2013-05-05,2013-05-12,11.177142857142856,11.180984013820026,3
2013-05-12,2013-05-19,11.221428571428572,11.202667226251583,3
2013-05-19,2013-05-26,11.231428571428571,11.225781176763396,3
2013-05-26,2013-06-02,11.26142857142857,11.24603203061712,3
2013-06-02,2013-06-09,11.237142857142857,11.239178551932971,3
2013-06-09,2013-06-16,11.212857142857144,11.155150381965527,3
2013-06-16,2013-06-23,11.215714285714284,11.208515117671391,3
2013-06-23,2013-06-30,11.264285714285714,11.249909491565058,3
2013-06-30,2013-07-07,11.228571428571428,11.227903734871646,3
2013-07-07,2013-07-14,11.131428571428572,11.173787321305475,3
2013-07-14,2013-07-21,11.01,11.07737770431428,3
2013-07-21,2013-07-28,10.914285714285716,10.941939644735651,3
2013-07-28,2013-08-04,11.027142857142858,11.003891499005096,3
2013-08-04,2013-08-11,11.117142857142856,11.045829515842488,3
2013-08-11,2013-08-18,11.145714285714286,11.169832930460135,3
2013-08-18,2013-08-25,11.12857142857143,11.166701068901645,3
2013-08-25,2013-09-01,11.0,11.084725408308127,3
2013-09-01,2013-09-08,10.96,10.973290152487351,3
2013-09-08,2013-09-15,11.225714285714286,11.060861356602874,3
2013-09-15,2013-09-22,11.23,11.20197335084456,3
2013-09-22,2013-09-29,11.18142857142857,11.222294357506144,3
2013-09-29,2013-10-06,11.13,11.172294672202229,3
2013-10-06,2013-10-13,11.141428571428571,11.136065096774479,3
2013-10-13,2013-10-20,11.194285714285714,11.206784955667809,3
2013-10-20,2013-10-27,11.214285714285714,11.228959964870356,3
2013-10-27,2013-11-03,11.255714285714284,11.255800348264618,3
2013-11-03,2013-11-10,11.3,11.282218585307996,3
2013-11-10,2013-11-17,11.3,11.301689601004982,3
2013-11-17,2013-11-24,11.274285714285714,11.279895755017725,3
2013-11-24,2013-12-01,11.274285714285714,11.272628864233203,3
2013-12-01,2013-12-08,11.285714285714286,11.2827742394005,3
2013-12-08,2013-12-15,11.284285714285714,11.286461187362182,3
2013-12-15,2013-12-22,11.281428571428572,11.272330301073419,3
2013-12-22,2013-12-29,11.29857142857143,11.291670166302856,3
2013-12-29,2014-01-05,11.285714285714286,11.298557838211073,3
2014-01-05,2014-01-12,11.305714285714286,11.298670165477978,3
2014-01-12,2014-01-19,11.292857142857144,11.309291688092356,3
2014-01-19,2014-01-26,11.277142857142858,11.29553206333549,3
2014-01-26,2014-02-02,11.287142857142856,11.289631401764213,3
2014-02-02,2014-02-09,11.28285714285714,11.28004445796463,3
2014-02-09,2014-02-16,11.287142857142856,11.29918653633442,3
2014-02-16,2014-02-23,11.278571428571428,11.28762108214654,3
2014-02-23,2014-03-02,11.27,11.282697986198896,3
2014-03-02,2014-03-09,11.26142857142857,11.281298367370727,3
2014-03-09,2014-03-16,11.242857142857144,11.261394897605674,3
2014-03-16,2014-03-23,11.265714285714283,11.235646418622542,3
2014-03-23,2014-03-30,11.268571428571429,11.29282659414787,3
2014-03-30,2014-04-06,11.251428571428573,11.253478536586146,3
2014-04-06,2014-04-13,11.27,11.255618685832848,3
2014-04-13,2014-04-20,11.258571428571427,11.276437922821822,3
2014-04-20,2014-04-27,11.241428571428573,11.225735665371298,3
2014-04-27,2014-05-04,11.272857142857143,11.258218898634,3
2014-05-04,2014-05-11,11.272857142857143,11.274383286263122,3
2014-05-11,2014-05-18,11.295714285714284,11.302494216024021,3
2014-05-18,2014-05-25,11.262857142857143,11.265083952601298,3
2014-05-25,2014-06-01,11.304285714285712,11.25209077797576,3
2014-06-01,2014-06-08,11.29,11.309589561058102,3
2014-06-08,2014-06-15,11.254285714285714,11.263986957962661,3
2014-06-15,2014-06-22,11.204285714285716,11.227924644535666,3
2014-06-22,2014-06-29,11.131428571428572,11.209502109947696,3
2014-06-29,2014-07-06,11.071428571428571,11.171630171869976,3
2014-07-06,2014-07-13,11.062857142857142,11.092881918378831,3
2014-07-13,2014-07-20,10.927142857142856,11.087345685574403,3
2014-07-20,2014-07-27,10.97,10.983869296737646,3
2014-07-27,2014-08-03,10.85,10.999077046971875,3
2014-08-03,2014-08-10,10.79142857142857,10.860547874239746,3
2014-08-10,2014-08-17,10.915714285714284,10.91203980363842,3
2014-08-17,2014-08-24,11.154285714285717,11.023491410490918,3
2014-08-24,2014-08-31,11.11285714285714,11.134420365040818,3
2014-08-31,2014-09-07,11.078571428571427,11.128125312284698,3
2014-09-07,2014-09-14,10.987142857142857,11.033293883090915,3
2014-09-14,2014-09-21,10.911428571428573,10.951649991778087,3
2014-09-21,2014-09-28,10.945714285714288,10.92743569168701,3
2014-09-28,2014-10-05,10.978571428571428,10.999723323074285,3
2014-10-05,2014-10-12,11.031428571428572,10.98948416479847,3
2014-10-12,2014-10-19,11.075714285714286,11.081975586672852,3
2014-10-19,2014-10-26,11.15857142857143,11.090806301914997,3
2014-10-26,2014-11-02,11.138571428571428,11.173455781566757,3
2014-11-02,2014-11-09,11.14857142857143,11.149003320927413,3
2014-11-09,2014-11-16,11.145714285714286,11.18999609771048,3
2014-11-16,2014-11-23,11.204285714285716,11.238425343518644,3
2014-11-23,2014-11-30,11.187142857142858,11.20977949790204,3
2014-11-30,2014-12-07,11.154285714285717,11.203564220293977,3
2014-12-07,2014-12-14,11.239999999999998,11.214373748577065,3
2014-12-14,2014-12-21,11.268571428571429,11.27030303850203,3
2014-12-21,2014-12-28,11.281428571428572,11.290467914792965,3
2014-12-28,2015-01-04,11.26,11.288896400881068,4
2015-01-04,2015-01-11,11.262857142857143,11.272061743139314,4
2015-01-11,2015-01-18,11.3,11.29329408582061,4
2015-01-18,2015-01-25,11.272857142857143,11.312986881014591,4
2015-01-25,2015-02-01,11.287142857142856,11.273414717958207,4
2015-02-01,2015-02-08,11.27142857142857,11.29166382660095,4
2015-02-08,2015-02-15,11.264285714285714,11.27067344606663,4
2015-02-15,2015-02-22,11.257142857142856,11.26075411017265,4
2015-02-22,2015-03-01,11.281428571428572,11.287838078160958,4
2015-03-01,2015-03-08,11.278571428571428,11.284129791122092,4
2015-03-08,2015-03-15,11.254285714285714,11.273391150507964,4
2015-03-15,2015-03-22,11.237142857142857,11.261833739994616,4
2015-03-22,2015-03-29,11.252857142857142,11.250357022759719,4
2015-03-29,2015-04-05,11.28285714285714,11.280417697994345,4
2015-04-05,2015-04-12,11.267142857142858,11.283467636660745,4
2015-04-12,2015-04-19,11.244285714285716,11.259789502406836,4
2015-04-19,2015-04-26,11.21,11.235621717966115,4
2015-04-26,2015-05-03,11.218571428571428,11.21513619329047,4
2015-05-03,2015-05-10,11.245714285714286,11.23240918325908,4
2015-05-10,2015-05-17,11.20857142857143,11.250720297700076,4
2015-05-17,2015-05-24,11.208571428571428,11.190456215573954,4
2015-05-24,2015-05-31,11.191428571428572,11.225079727661921,4
2015-05-31,2015-06-07,11.222857142857142,11.239067743875195,4
2015-06-07,2015-06-14,11.162857142857144,11.190686466421448,4
2015-06-14,2015-06-21,11.105714285714283,11.114942318857347,4
2015-06-21,2015-06-28,11.17,11.11986293394886,4
2015-06-28,2015-07-05,11.117142857142856,11.158592581858063,4
2015-07-05,2015-07-12,11.12857142857143,11.157900490634276,4
2015-07-12,2015-07-19,11.14,11.116100764974577,4
2015-07-19,2015-07-26,11.114285714285714,11.187008827764426,4
2015-07-26,2015-08-02,11.305714285714286,11.200715801317342,4
2015-08-02,2015-08-09,11.252857142857142,11.290154661076809,4
2015-08-09,2015-08-16,11.215714285714286,11.236317750884918,4
2015-08-16,2015-08-23,11.294285714285715,11.294275919219048,4
2015-08-23,2015-08-30,11.297142857142855,11.270013763212296,4
2015-08-30,2015-09-06,11.308571428571428,11.301401244778027,4
2015-09-06,2015-09-13,11.3,11.299379012814837,4
2016-10-30,2016-11-06,11.217142857142855,11.17232199192909,4
2016-11-06,2016-11-13,11.221428571428572,11.243317735169716,4
2016-11-13,2016-11-20,11.251428571428573,11.221646695161136,4
2016-11-20,2016-11-27,11.252857142857142,11.279469298437261,4
2016-11-27,2016-12-04,11.22857142857143,11.252474324022902,4
2016-12-04,2016-12-11,11.225714285714286,11.240799700372373,4
2016-12-11,2016-12-18,11.262857142857143,11.27467025724142,4
2016-12-18,2016-12-25,11.252857142857142,11.253426039282328,4
