variabel,lag_minggu,target,jumlah_pasangan,pearson_r
groundwater_head_m,0,head_t_plus_1,823,0.8998438646887509
groundwater_head_m,0,perubahan_t_ke_t_plus_1,823,-0.22563449125943685
groundwater_head_m,1,head_t_plus_1,819,0.778148818799197
groundwater_head_m,1,perubahan_t_ke_t_plus_1,819,-0.2719711611997409
groundwater_head_m,2,head_t_plus_1,816,0.6853769635857748
groundwater_head_m,2,perubahan_t_ke_t_plus_1,815,-0.20828439181195463
groundwater_head_m,4,head_t_plus_1,812,0.5076753449972298
groundwater_head_m,4,perubahan_t_ke_t_plus_1,810,-0.19392942380299258
groundwater_head_m,8,head_t_plus_1,804,0.22682669583958256
groundwater_head_m,8,perubahan_t_ke_t_plus_1,802,-0.12815240456472618
groundwater_head_m,12,head_t_plus_1,796,0.023192177090985634
groundwater_head_m,12,perubahan_t_ke_t_plus_1,794,-0.12835670499636492
groundwater_head_m,26,head_t_plus_1,782,-0.20220973962512648
groundwater_head_m,26,perubahan_t_ke_t_plus_1,780,0.03127534066753441
groundwater_head_m,52,head_t_plus_1,758,0.12922309752617975
groundwater_head_m,52,perubahan_t_ke_t_plus_1,757,0.01317150026456754
rainfall_mm,0,head_t_plus_1,826,0.2631882164706654
rainfall_mm,0,perubahan_t_ke_t_plus_1,823,0.27983218964176165
rainfall_mm,1,head_t_plus_1,825,0.20140422418745493
rainfall_mm,1,perubahan_t_ke_t_plus_1,822,-0.13769997311761079
rainfall_mm,2,head_t_plus_1,824,0.16239481510753964
rainfall_mm,2,perubahan_t_ke_t_plus_1,821,-0.08543231631723713
rainfall_mm,4,head_t_plus_1,822,0.12361852601781158
rainfall_mm,4,perubahan_t_ke_t_plus_1,819,-0.07358035875823685
rainfall_mm,8,head_t_plus_1,818,0.06316903361761574
rainfall_mm,8,perubahan_t_ke_t_plus_1,815,-0.04943650865339135
rainfall_mm,12,head_t_plus_1,814,0.0939219945755363
rainfall_mm,12,perubahan_t_ke_t_plus_1,811,-0.019003998485781482
rainfall_mm,26,head_t_plus_1,800,0.072136400061418
rainfall_mm,26,perubahan_t_ke_t_plus_1,797,0.03475904855464778
rainfall_mm,52,head_t_plus_1,776,-0.04802728059696288
rainfall_mm,52,perubahan_t_ke_t_plus_1,774,0.08826362823422568
potential_evaporation_mm,0,head_t_plus_1,826,-0.5031670249928641
potential_evaporation_mm,0,perubahan_t_ke_t_plus_1,823,-0.11248730502615112
potential_evaporation_mm,1,head_t_plus_1,825,-0.5017516586597585
potential_evaporation_mm,1,perubahan_t_ke_t_plus_1,822,0.006966183194590259
potential_evaporation_mm,2,head_t_plus_1,824,-0.4938065202283044
potential_evaporation_mm,2,perubahan_t_ke_t_plus_1,821,0.022643652568553205
potential_evaporation_mm,4,head_t_plus_1,822,-0.5068588663299465
potential_evaporation_mm,4,perubahan_t_ke_t_plus_1,819,-0.015545808179890673
potential_evaporation_mm,8,head_t_plus_1,818,-0.4189591651790446
potential_evaporation_mm,8,perubahan_t_ke_t_plus_1,815,0.09715168612454082
potential_evaporation_mm,12,head_t_plus_1,814,-0.251477023871
potential_evaporation_mm,12,perubahan_t_ke_t_plus_1,811,0.13129529865121037
potential_evaporation_mm,26,head_t_plus_1,800,0.39123312657869586
potential_evaporation_mm,26,perubahan_t_ke_t_plus_1,797,0.05503441026674053
potential_evaporation_mm,52,head_t_plus_1,776,-0.39293919373249264
potential_evaporation_mm,52,perubahan_t_ke_t_plus_1,774,-0.05477653979037609
