tahun,jumlah_minggu,minggu_layak,rata_hari_head,minggu_tidak_layak,persen_layak
2000,53,50,6.716981132075472,3,94.33962264150944
2001,52,52,6.980769230769231,0,100.0
2002,52,49,6.615384615384615,3,94.23076923076923
2003,52,52,6.9423076923076925,0,100.0
2004,52,52,6.961538461538462,0,100.0
2005,52,52,7.0,0,100.0
2006,53,53,7.0,0,100.0
2007,52,52,7.0,0,100.0
2008,52,52,7.0,0,100.0
2009,52,52,7.0,0,100.0
2010,52,52,7.0,0,100.0
2011,52,52,7.0,0,100.0
2012,53,53,7.0,0,100.0
2013,52,52,7.0,0,100.0
2014,52,52,7.0,0,100.0
2015,52,37,4.923076923076923,15,71.15384615384616
2016,52,13,1.8076923076923077,39,25.0
