variabel,groundwater_head_m,rainfall_mm,temperature_mean_c,temperature_min_c,temperature_max_c,sea_level_pressure_hpa,relative_humidity_pct,wind_speed_ms,global_radiation_wm2,potential_evaporation_mm
groundwater_head_m,1.0,0.13325505903584492,-0.4602708195034645,-0.4019239663025814,-0.4842969919549094,-0.10746274007440593,0.3348871696822251,0.351420260579362,-0.4156899959816023,-0.4517471333884797
rainfall_mm,0.13325505903584492,1.0,0.11859118958264471,0.21267402303155086,0.055454406952291355,-0.4675362981531182,0.25305009956799895,0.3539132982832987,-0.12071285174218166,-0.08672935938229848
temperature_mean_c,-0.4602708195034645,0.11859118958264471,1.0,0.9744045502322095,0.9884834463940105,-0.012356935565339561,-0.4602985292539993,-0.3305226099073422,0.7619709786046892,0.8228648321036296
temperature_min_c,-0.4019239663025814,0.21267402303155086,0.9744045502322095,1.0,0.9334676095369128,-0.08418073754325857,-0.30768164090373884,-0.24106783925173805,0.6324767597648733,0.7072706102024836
temperature_max_c,-0.4842969919549094,0.055454406952291355,0.9884834463940105,0.9334676095369128,1.0,0.03552400060593821,-0.5461978452692234,-0.3831298671927643,0.8238688718166475,0.8719542861490573
sea_level_pressure_hpa,-0.10746274007440593,-0.4675362981531182,-0.012356935565339561,-0.08418073754325857,0.03552400060593821,1.0,-0.1618519683736772,-0.3789442836846295,0.14145937953699422,0.1238601173337427
relative_humidity_pct,0.3348871696822251,0.25305009956799895,-0.4602985292539993,-0.30768164090373884,-0.5461978452692234,-0.1618519683736772,1.0,0.12366948458695684,-0.8059981240974166,-0.7644573777797568
wind_speed_ms,0.351420260579362,0.3539132982832987,-0.3305226099073422,-0.24106783925173805,-0.3831298671927643,-0.3789442836846295,0.12366948458695684,1.0,-0.39946557474544214,-0.41295992427328804
global_radiation_wm2,-0.4156899959816023,-0.12071285174218166,0.7619709786046892,0.6324767597648733,0.8238688718166475,0.14145937953699422,-0.8059981240974166,-0.39946557474544214,1.0,0.9890830867841643
potential_evaporation_mm,-0.4517471333884797,-0.08672935938229848,0.8228648321036296,0.7072706102024836,0.8719542861490573,0.1238601173337427,-0.7644573777797568,-0.41295992427328804,0.9890830867841643,1.0
