date,head_m,head_sebelumnya_m,perubahan_head_m,besar_perubahan_m
2010-07-18,11.205714285714285,10.884285714285712,0.32142857142857295,0.32142857142857295
2013-09-15,11.225714285714286,10.96,0.2657142857142851,0.2657142857142851
2014-08-24,11.154285714285717,10.915714285714284,0.23857142857143288,0.23857142857143288
2003-10-12,11.092857142857143,10.868571428571428,0.2242857142857151,0.2242857142857151
2011-07-17,11.132857142857144,10.937142857142858,0.19571428571428662,0.19571428571428662
2015-08-02,11.305714285714286,11.114285714285714,0.19142857142857217,0.19142857142857217
2006-08-06,10.962857142857144,10.774285714285714,0.1885714285714304,0.1885714285714304
2006-07-09,10.957142857142856,11.138571428571428,-0.18142857142857238,0.18142857142857238
2007-05-13,11.202857142857145,11.04,0.16285714285714548,0.16285714285714548
2008-07-13,10.98857142857143,10.828571428571427,0.16000000000000192,0.16000000000000192
