bulan,jumlah_minggu,median_head_m,rata_head_m,rata_hujan_mingguan_mm,rata_evaporasi_mingguan_mm
1,69,11.287142857142856,11.283312629399585,18.4246379342029,1.5405599443188407
2,65,11.28285714285714,11.282835164835165,16.17230787507692,2.9988217714615386
3,71,11.275714285714283,11.279597585513077,12.74929594028169,6.859637662253521
4,69,11.258571428571427,11.251180124223602,9.337681292463767,13.729129522753624
5,70,11.242857142857144,11.223816326530612,15.471428765714288,19.002350060285714
6,69,11.212857142857144,11.178281573498964,14.253623366086957,21.310075546231886
7,71,11.161428571428573,11.13271629778672,23.77183137859155,21.708473765352114
8,71,11.23,11.160784708249498,24.860563673239437,18.601849258450702
9,67,11.225714285714286,11.175556503198294,16.837313600597014,12.358994061044777
10,71,11.251428571428573,11.213038229376258,16.65492980084507,6.387425862676056
11,67,11.277142857142858,11.25637526652452,17.238806196716418,2.5651326629104476
12,67,11.28285714285714,11.277448471926084,18.852239023283584,1.386234064358209
